FR_ID,component,spec_ref_DERIVED,element,kind,width_bits,DERIVED_legal,PINNED_clause_ref(TODO),PINNED_legal(TODO),STATUS(DERIVED|PINNED|CHANGED),reachable_now,traces_to_checker,traces_to_cover/isoneg,notes
FR-ECPRI_TRANSPORT-01,ecpri_transport,eCPRI v2.0 §3.1 common header + §3.2 Type-0 IQ,version,const,4,const=1,,,DERIVED,yes,CHK-ECPRI_TRANSPORT-01 / first_violation:CONST_version,cover:version / isoneg:CONST_version,
FR-ECPRI_TRANSPORT-02,ecpri_transport,eCPRI v2.0 §3.1 common header + §3.2 Type-0 IQ,rsvd,const,3,const=0,,,DERIVED,yes,CHK-ECPRI_TRANSPORT-02 / first_violation:CONST_rsvd,cover:rsvd / isoneg:CONST_rsvd,
FR-ECPRI_TRANSPORT-03,ecpri_transport,eCPRI v2.0 §3.1 common header + §3.2 Type-0 IQ,concat,range,1,range[0:1],,,DERIVED,no(TRUE_DEAD),CHK-ECPRI_TRANSPORT-03 / first_violation:RANGE_concat,cover:concat / isoneg:RANGE_concat,width-contingent deadness
FR-ECPRI_TRANSPORT-04,ecpri_transport,eCPRI v2.0 §3.1 common header + §3.2 Type-0 IQ,msg_type,range,8,range[0:7],,,DERIVED,yes,CHK-ECPRI_TRANSPORT-04 / first_violation:RANGE_msg_type,cover:msg_type / isoneg:RANGE_msg_type,
FR-ECPRI_TRANSPORT-05,ecpri_transport,eCPRI v2.0 §3.1 common header + §3.2 Type-0 IQ,payload_size,range,16,range[8:1024],,,DERIVED,yes,CHK-ECPRI_TRANSPORT-05 / first_violation:RANGE_payload_size,cover:payload_size / isoneg:RANGE_payload_size,
FR-ECPRI_TRANSPORT-06,ecpri_transport,eCPRI v2.0 §3.1 common header + §3.2 Type-0 IQ,pc_id,range,16,range[0:65535],,,DERIVED,no(TRUE_DEAD),CHK-ECPRI_TRANSPORT-06 / first_violation:RANGE_pc_id,cover:pc_id / isoneg:RANGE_pc_id,width-contingent deadness
FR-ECPRI_TRANSPORT-07,ecpri_transport,eCPRI v2.0 §3.1 common header + §3.2 Type-0 IQ,seq_id,range,8,range[0:255],,,DERIVED,no(TRUE_DEAD),CHK-ECPRI_TRANSPORT-07 / first_violation:RANGE_seq_id,cover:seq_id / isoneg:RANGE_seq_id,width-contingent deadness
FR-ECPRI_TRANSPORT-08,ecpri_transport,eCPRI v2.0 §3.1 common header + §3.2 Type-0 IQ,e_bit,range,1,range[0:1],,,DERIVED,no(TRUE_DEAD),CHK-ECPRI_TRANSPORT-08 / first_violation:RANGE_e_bit,cover:e_bit / isoneg:RANGE_e_bit,width-contingent deadness
FR-ECPRI_TRANSPORT-09,ecpri_transport,eCPRI v2.0 §3.1 common header + §3.2 Type-0 IQ,sub_seq,range,7,range[0:127],,,DERIVED,no(TRUE_DEAD),CHK-ECPRI_TRANSPORT-09 / first_violation:RANGE_sub_seq,cover:sub_seq / isoneg:RANGE_sub_seq,width-contingent deadness
FR-CPRI_ETH-01,cpri_eth,CPRI-over-Ethernet 4G (IEEE1914.3 RoE + eCPRI transport),version,const,4,const=1,,,DERIVED,yes,CHK-CPRI_ETH-01 / first_violation:CONST_version,cover:version / isoneg:CONST_version,
FR-CPRI_ETH-02,cpri_eth,CPRI-over-Ethernet 4G (IEEE1914.3 RoE + eCPRI transport),bw_profile,enum,4,"enum{0,1,2,3,4,5}",,,DERIVED,yes,CHK-CPRI_ETH-02 / first_violation:ENUM_bw_profile,cover:bw_profile / isoneg:ENUM_bw_profile,
FR-CPRI_ETH-03,cpri_eth,CPRI-over-Ethernet 4G (IEEE1914.3 RoE + eCPRI transport),direction,range,1,range[0:1],,,DERIVED,no(TRUE_DEAD),CHK-CPRI_ETH-03 / first_violation:RANGE_direction,cover:direction / isoneg:RANGE_direction,width-contingent deadness
FR-CPRI_ETH-04,cpri_eth,CPRI-over-Ethernet 4G (IEEE1914.3 RoE + eCPRI transport),iq_rate_id,range,4,range[0:15],,,DERIVED,no(TRUE_DEAD),CHK-CPRI_ETH-04 / first_violation:RANGE_iq_rate_id,cover:iq_rate_id / isoneg:RANGE_iq_rate_id,width-contingent deadness
FR-CPRI_ETH-05,cpri_eth,CPRI-over-Ethernet 4G (IEEE1914.3 RoE + eCPRI transport),synce_ql,enum,4,"enum{0,2,4,11,15}",,,DERIVED,yes,CHK-CPRI_ETH-05 / first_violation:ENUM_synce_ql,cover:synce_ql / isoneg:ENUM_synce_ql,
FR-CPRI_ETH-06,cpri_eth,CPRI-over-Ethernet 4G (IEEE1914.3 RoE + eCPRI transport),frame_id,range,10,range[0:1023],,,DERIVED,no(TRUE_DEAD),CHK-CPRI_ETH-06 / first_violation:RANGE_frame_id,cover:frame_id / isoneg:RANGE_frame_id,width-contingent deadness
FR-CPRI_ETH-07,cpri_eth,CPRI-over-Ethernet 4G (IEEE1914.3 RoE + eCPRI transport),subframe,range,4,range[0:9],,,DERIVED,yes,CHK-CPRI_ETH-07 / first_violation:RANGE_subframe,cover:subframe / isoneg:RANGE_subframe,
FR-CPRI_ETH-08,cpri_eth,CPRI-over-Ethernet 4G (IEEE1914.3 RoE + eCPRI transport),cm_flag,range,1,range[0:1],,,DERIVED,no(TRUE_DEAD),CHK-CPRI_ETH-08 / first_violation:RANGE_cm_flag,cover:cm_flag / isoneg:RANGE_cm_flag,width-contingent deadness
FR-CPRI_ETH-09,cpri_eth,CPRI-over-Ethernet 4G (IEEE1914.3 RoE + eCPRI transport),seq,range,8,range[0:255],,,DERIVED,no(TRUE_DEAD),CHK-CPRI_ETH-09 / first_violation:RANGE_seq,cover:seq / isoneg:RANGE_seq,width-contingent deadness
FR-CPRI_ETH-10,cpri_eth,CPRI-over-Ethernet 4G (IEEE1914.3 RoE + eCPRI transport),rsvd,const,24,const=0,,,DERIVED,yes,CHK-CPRI_ETH-10 / first_violation:CONST_rsvd,cover:rsvd / isoneg:CONST_rsvd,
FR-UPLANE-01,uplane,O-RAN.WG4.CUS §7 U-plane Section Types 1/3/5/6,version,const,4,const=1,,,DERIVED,yes,CHK-UPLANE-01 / first_violation:CONST_version,cover:version / isoneg:CONST_version,
FR-UPLANE-02,uplane,O-RAN.WG4.CUS §7 U-plane Section Types 1/3/5/6,section_type,enum,4,"enum{1,3,5,6}",,,DERIVED,yes,CHK-UPLANE-02 / first_violation:ENUM_section_type,cover:section_type / isoneg:ENUM_section_type,
FR-UPLANE-03,uplane,O-RAN.WG4.CUS §7 U-plane Section Types 1/3/5/6,numerology,range,4,range[0:4],,,DERIVED,yes,CHK-UPLANE-03 / first_violation:RANGE_numerology,cover:numerology / isoneg:RANGE_numerology,
FR-UPLANE-04,uplane,O-RAN.WG4.CUS §7 U-plane Section Types 1/3/5/6,start_prb,range,9,range[0:273],,,DERIVED,yes,CHK-UPLANE-04 / first_violation:RANGE_start_prb,cover:start_prb / isoneg:RANGE_start_prb,
FR-UPLANE-05,uplane,O-RAN.WG4.CUS §7 U-plane Section Types 1/3/5/6,num_prb,range,9,range[1:275],,,DERIVED,yes,CHK-UPLANE-05 / first_violation:RANGE_num_prb,cover:num_prb / isoneg:RANGE_num_prb,
FR-UPLANE-06,uplane,O-RAN.WG4.CUS §7 U-plane Section Types 1/3/5/6,symbol_id,range,4,range[0:13],,,DERIVED,yes,CHK-UPLANE-06 / first_violation:RANGE_symbol_id,cover:symbol_id / isoneg:RANGE_symbol_id,
FR-UPLANE-07,uplane,O-RAN.WG4.CUS §7 U-plane Section Types 1/3/5/6,comp_type,enum,2,"enum{0,1,2,3}",,,DERIVED,no(TRUE_DEAD),CHK-UPLANE-07 / first_violation:ENUM_comp_type,cover:comp_type / isoneg:ENUM_comp_type,width-contingent deadness
FR-UPLANE-08,uplane,O-RAN.WG4.CUS §7 U-plane Section Types 1/3/5/6,comp_bits,range,5,range[9:16],,,DERIVED,yes,CHK-UPLANE-08 / first_violation:RANGE_comp_bits,cover:comp_bits / isoneg:RANGE_comp_bits,
FR-UPLANE-09,uplane,O-RAN.WG4.CUS §7 U-plane Section Types 1/3/5/6,seq,range,8,range[0:255],,,DERIVED,no(TRUE_DEAD),CHK-UPLANE-09 / first_violation:RANGE_seq,cover:seq / isoneg:RANGE_seq,width-contingent deadness
FR-UPLANE-10,uplane,O-RAN.WG4.CUS §7 U-plane Section Types 1/3/5/6,rsvd,const,15,const=0,,,DERIVED,yes,CHK-UPLANE-10 / first_violation:CONST_rsvd,cover:rsvd / isoneg:CONST_rsvd,
FR-UPLANE-11,uplane,O-RAN.WG4.CUS §7 U-plane Section Types 1/3/5/6,start_prb + num_prb <= 275,cross,-,start_prb + num_prb <= 275,,,DERIVED,yes,CHK-UPLANE-cross1 / first_violation:CROSS_0,cover:cross / isoneg:CROSS,
FR-CPLANE-01,cplane,"O-RAN.WG4.CUS §5 C-plane Section Types 0-8, Ext 1-11",version,const,4,const=1,,,DERIVED,yes,CHK-CPLANE-01 / first_violation:CONST_version,cover:version / isoneg:CONST_version,
FR-CPLANE-02,cplane,"O-RAN.WG4.CUS §5 C-plane Section Types 0-8, Ext 1-11",section_type,range,4,range[0:8],,,DERIVED,yes,CHK-CPLANE-02 / first_violation:RANGE_section_type,cover:section_type / isoneg:RANGE_section_type,
FR-CPLANE-03,cplane,"O-RAN.WG4.CUS §5 C-plane Section Types 0-8, Ext 1-11",section_ext,range,4,range[1:11],,,DERIVED,yes,CHK-CPLANE-03 / first_violation:RANGE_section_ext,cover:section_ext / isoneg:RANGE_section_ext,
FR-CPLANE-04,cplane,"O-RAN.WG4.CUS §5 C-plane Section Types 0-8, Ext 1-11",start_symbol,range,4,range[0:13],,,DERIVED,yes,CHK-CPLANE-04 / first_violation:RANGE_start_symbol,cover:start_symbol / isoneg:RANGE_start_symbol,
FR-CPLANE-05,cplane,"O-RAN.WG4.CUS §5 C-plane Section Types 0-8, Ext 1-11",num_symbol,range,4,range[1:14],,,DERIVED,yes,CHK-CPLANE-05 / first_violation:RANGE_num_symbol,cover:num_symbol / isoneg:RANGE_num_symbol,
FR-CPLANE-06,cplane,"O-RAN.WG4.CUS §5 C-plane Section Types 0-8, Ext 1-11",num_sections,enum,4,"enum{1,2,4,8}",,,DERIVED,yes,CHK-CPLANE-06 / first_violation:ENUM_num_sections,cover:num_sections / isoneg:ENUM_num_sections,
FR-CPLANE-07,cplane,"O-RAN.WG4.CUS §5 C-plane Section Types 0-8, Ext 1-11",beam_id,range,16,range[0:65535],,,DERIVED,no(TRUE_DEAD),CHK-CPLANE-07 / first_violation:RANGE_beam_id,cover:beam_id / isoneg:RANGE_beam_id,width-contingent deadness
FR-CPLANE-08,cplane,"O-RAN.WG4.CUS §5 C-plane Section Types 0-8, Ext 1-11",numerology,range,4,range[0:4],,,DERIVED,yes,CHK-CPLANE-08 / first_violation:RANGE_numerology,cover:numerology / isoneg:RANGE_numerology,
FR-CPLANE-09,cplane,"O-RAN.WG4.CUS §5 C-plane Section Types 0-8, Ext 1-11",seq,range,8,range[0:255],,,DERIVED,no(TRUE_DEAD),CHK-CPLANE-09 / first_violation:RANGE_seq,cover:seq / isoneg:RANGE_seq,width-contingent deadness
FR-CPLANE-10,cplane,"O-RAN.WG4.CUS §5 C-plane Section Types 0-8, Ext 1-11",rsvd,const,12,const=0,,,DERIVED,yes,CHK-CPLANE-10 / first_violation:CONST_rsvd,cover:rsvd / isoneg:CONST_rsvd,
FR-CPLANE-11,cplane,"O-RAN.WG4.CUS §5 C-plane Section Types 0-8, Ext 1-11",start_symbol + num_symbol <= 14,cross,-,start_symbol + num_symbol <= 14,,,DERIVED,yes,CHK-CPLANE-cross1 / first_violation:CROSS_0,cover:cross / isoneg:CROSS,
FR-SPLANE-01,splane,O-RAN.WG4.CUS §9 S-plane IEEE1588v2 PTP + SyncE,version,const,4,const=1,,,DERIVED,yes,CHK-SPLANE-01 / first_violation:CONST_version,cover:version / isoneg:CONST_version,
FR-SPLANE-02,splane,O-RAN.WG4.CUS §9 S-plane IEEE1588v2 PTP + SyncE,ptp_msg,enum,4,"enum{0,1,2,3,4,5}",,,DERIVED,yes,CHK-SPLANE-02 / first_violation:ENUM_ptp_msg,cover:ptp_msg / isoneg:ENUM_ptp_msg,
FR-SPLANE-03,splane,O-RAN.WG4.CUS §9 S-plane IEEE1588v2 PTP + SyncE,clock_state,enum,2,"enum{0,1,2,3}",,,DERIVED,no(TRUE_DEAD),CHK-SPLANE-03 / first_violation:ENUM_clock_state,cover:clock_state / isoneg:ENUM_clock_state,width-contingent deadness
FR-SPLANE-04,splane,O-RAN.WG4.CUS §9 S-plane IEEE1588v2 PTP + SyncE,synce_ql,enum,4,"enum{0,2,4,11,15}",,,DERIVED,yes,CHK-SPLANE-04 / first_violation:ENUM_synce_ql,cover:synce_ql / isoneg:ENUM_synce_ql,
FR-SPLANE-05,splane,O-RAN.WG4.CUS §9 S-plane IEEE1588v2 PTP + SyncE,seq,range,16,range[0:65535],,,DERIVED,no(TRUE_DEAD),CHK-SPLANE-05 / first_violation:RANGE_seq,cover:seq / isoneg:RANGE_seq,width-contingent deadness
FR-SPLANE-06,splane,O-RAN.WG4.CUS §9 S-plane IEEE1588v2 PTP + SyncE,timing_err,range,12,range[0:3000],,,DERIVED,yes,CHK-SPLANE-06 / first_violation:RANGE_timing_err,cover:timing_err / isoneg:RANGE_timing_err,
FR-SPLANE-07,splane,O-RAN.WG4.CUS §9 S-plane IEEE1588v2 PTP + SyncE,holdover,range,1,range[0:1],,,DERIVED,no(TRUE_DEAD),CHK-SPLANE-07 / first_violation:RANGE_holdover,cover:holdover / isoneg:RANGE_holdover,width-contingent deadness
FR-SPLANE-08,splane,O-RAN.WG4.CUS §9 S-plane IEEE1588v2 PTP + SyncE,rsvd,const,21,const=0,,,DERIVED,yes,CHK-SPLANE-08 / first_violation:CONST_rsvd,cover:rsvd / isoneg:CONST_rsvd,
FR-MPLANE-01,mplane,O-RAN.WG4.MP M-plane NETCONF/YANG O1,version,const,4,const=1,,,DERIVED,yes,CHK-MPLANE-01 / first_violation:CONST_version,cover:version / isoneg:CONST_version,
FR-MPLANE-02,mplane,O-RAN.WG4.MP M-plane NETCONF/YANG O1,netconf_op,enum,3,"enum{0,1,2,3,4}",,,DERIVED,yes,CHK-MPLANE-02 / first_violation:ENUM_netconf_op,cover:netconf_op / isoneg:ENUM_netconf_op,
FR-MPLANE-03,mplane,O-RAN.WG4.MP M-plane NETCONF/YANG O1,datastore,enum,2,"enum{0,1,2}",,,DERIVED,yes,CHK-MPLANE-03 / first_violation:ENUM_datastore,cover:datastore / isoneg:ENUM_datastore,
FR-MPLANE-04,mplane,O-RAN.WG4.MP M-plane NETCONF/YANG O1,item_id,range,16,range[0:65535],,,DERIVED,no(TRUE_DEAD),CHK-MPLANE-04 / first_violation:RANGE_item_id,cover:item_id / isoneg:RANGE_item_id,width-contingent deadness
FR-MPLANE-05,mplane,O-RAN.WG4.MP M-plane NETCONF/YANG O1,ant_cal,range,1,range[0:1],,,DERIVED,no(TRUE_DEAD),CHK-MPLANE-05 / first_violation:RANGE_ant_cal,cover:ant_cal / isoneg:RANGE_ant_cal,width-contingent deadness
FR-MPLANE-06,mplane,O-RAN.WG4.MP M-plane NETCONF/YANG O1,sw_slot,range,3,range[0:7],,,DERIVED,no(TRUE_DEAD),CHK-MPLANE-06 / first_violation:RANGE_sw_slot,cover:sw_slot / isoneg:RANGE_sw_slot,width-contingent deadness
FR-MPLANE-07,mplane,O-RAN.WG4.MP M-plane NETCONF/YANG O1,seq,range,8,range[0:255],,,DERIVED,no(TRUE_DEAD),CHK-MPLANE-07 / first_violation:RANGE_seq,cover:seq / isoneg:RANGE_seq,width-contingent deadness
FR-MPLANE-08,mplane,O-RAN.WG4.MP M-plane NETCONF/YANG O1,rsvd,const,27,const=0,,,DERIVED,yes,CHK-MPLANE-08 / first_violation:CONST_rsvd,cover:rsvd / isoneg:CONST_rsvd,
FR-BEAMFORMING-01,beamforming,O-RAN.WG4.CUS Section Ext 1/4/5/6 beamforming,version,const,4,const=1,,,DERIVED,yes,CHK-BEAMFORMING-01 / first_violation:CONST_version,cover:version / isoneg:CONST_version,
FR-BEAMFORMING-02,beamforming,O-RAN.WG4.CUS Section Ext 1/4/5/6 beamforming,beam_id,range,16,range[0:65535],,,DERIVED,no(TRUE_DEAD),CHK-BEAMFORMING-02 / first_violation:RANGE_beam_id,cover:beam_id / isoneg:RANGE_beam_id,width-contingent deadness
FR-BEAMFORMING-03,beamforming,O-RAN.WG4.CUS Section Ext 1/4/5/6 beamforming,num_ports,enum,8,"enum{1,2,4,8,16,32,64}",,,DERIVED,yes,CHK-BEAMFORMING-03 / first_violation:ENUM_num_ports,cover:num_ports / isoneg:ENUM_num_ports,
FR-BEAMFORMING-04,beamforming,O-RAN.WG4.CUS Section Ext 1/4/5/6 beamforming,num_layers,range,4,range[1:8],,,DERIVED,yes,CHK-BEAMFORMING-04 / first_violation:RANGE_num_layers,cover:num_layers / isoneg:RANGE_num_layers,
FR-BEAMFORMING-05,beamforming,O-RAN.WG4.CUS Section Ext 1/4/5/6 beamforming,section_ext,enum,4,"enum{1,4,5,6}",,,DERIVED,yes,CHK-BEAMFORMING-05 / first_violation:ENUM_section_ext,cover:section_ext / isoneg:ENUM_section_ext,
FR-BEAMFORMING-06,beamforming,O-RAN.WG4.CUS Section Ext 1/4/5/6 beamforming,codebook_idx,range,16,range[0:65535],,,DERIVED,no(TRUE_DEAD),CHK-BEAMFORMING-06 / first_violation:RANGE_codebook_idx,cover:codebook_idx / isoneg:RANGE_codebook_idx,width-contingent deadness
FR-BEAMFORMING-07,beamforming,O-RAN.WG4.CUS Section Ext 1/4/5/6 beamforming,seq,range,8,range[0:255],,,DERIVED,no(TRUE_DEAD),CHK-BEAMFORMING-07 / first_violation:RANGE_seq,cover:seq / isoneg:RANGE_seq,width-contingent deadness
FR-BEAMFORMING-08,beamforming,O-RAN.WG4.CUS Section Ext 1/4/5/6 beamforming,rsvd,const,4,const=0,,,DERIVED,yes,CHK-BEAMFORMING-08 / first_violation:CONST_rsvd,cover:rsvd / isoneg:CONST_rsvd,
FR-BEAMFORMING-09,beamforming,O-RAN.WG4.CUS Section Ext 1/4/5/6 beamforming,num_layers <= num_ports,cross,-,num_layers <= num_ports,,,DERIVED,yes,CHK-BEAMFORMING-cross1 / first_violation:CROSS_0,cover:cross / isoneg:CROSS,
FR-COMPRESSION-01,compression,O-RAN.WG4.CUS Annex A IQ compression BFP/mu-law/static,version,const,4,const=1,,,DERIVED,yes,CHK-COMPRESSION-01 / first_violation:CONST_version,cover:version / isoneg:CONST_version,
FR-COMPRESSION-02,compression,O-RAN.WG4.CUS Annex A IQ compression BFP/mu-law/static,method,enum,2,"enum{0,1,2}",,,DERIVED,yes,CHK-COMPRESSION-02 / first_violation:ENUM_method,cover:method / isoneg:ENUM_method,
FR-COMPRESSION-03,compression,O-RAN.WG4.CUS Annex A IQ compression BFP/mu-law/static,iq_width,const,5,const=16,,,DERIVED,yes,CHK-COMPRESSION-03 / first_violation:CONST_iq_width,cover:iq_width / isoneg:CONST_iq_width,
FR-COMPRESSION-04,compression,O-RAN.WG4.CUS Annex A IQ compression BFP/mu-law/static,comp_width,enum,5,"enum{9,10,11,12,13,14,15,16}",,,DERIVED,yes,CHK-COMPRESSION-04 / first_violation:ENUM_comp_width,cover:comp_width / isoneg:ENUM_comp_width,
FR-COMPRESSION-05,compression,O-RAN.WG4.CUS Annex A IQ compression BFP/mu-law/static,exponent,range,4,range[0:15],,,DERIVED,no(TRUE_DEAD),CHK-COMPRESSION-05 / first_violation:RANGE_exponent,cover:exponent / isoneg:RANGE_exponent,width-contingent deadness
FR-COMPRESSION-06,compression,O-RAN.WG4.CUS Annex A IQ compression BFP/mu-law/static,block_size,range,8,range[1:255],,,DERIVED,yes,CHK-COMPRESSION-06 / first_violation:RANGE_block_size,cover:block_size / isoneg:RANGE_block_size,
FR-COMPRESSION-07,compression,O-RAN.WG4.CUS Annex A IQ compression BFP/mu-law/static,seq,range,8,range[0:255],,,DERIVED,no(TRUE_DEAD),CHK-COMPRESSION-07 / first_violation:RANGE_seq,cover:seq / isoneg:RANGE_seq,width-contingent deadness
FR-COMPRESSION-08,compression,O-RAN.WG4.CUS Annex A IQ compression BFP/mu-law/static,rsvd,const,28,const=0,,,DERIVED,yes,CHK-COMPRESSION-08 / first_violation:CONST_rsvd,cover:rsvd / isoneg:CONST_rsvd,
FR-COMPRESSION-09,compression,O-RAN.WG4.CUS Annex A IQ compression BFP/mu-law/static,comp_width <= iq_width,cross,-,comp_width <= iq_width,,,DERIVED,yes,CHK-COMPRESSION-cross1 / first_violation:CROSS_0,cover:cross / isoneg:CROSS,
FR-PRACH-01,prach,O-RAN.WG4.CUS Section Type 3 PRACH + 3GPP TS38.211 formats,version,const,4,const=1,,,DERIVED,yes,CHK-PRACH-01 / first_violation:CONST_version,cover:version / isoneg:CONST_version,
FR-PRACH-02,prach,O-RAN.WG4.CUS Section Type 3 PRACH + 3GPP TS38.211 formats,section_type,const,4,const=3,,,DERIVED,yes,CHK-PRACH-02 / first_violation:CONST_section_type,cover:section_type / isoneg:CONST_section_type,
FR-PRACH-03,prach,O-RAN.WG4.CUS Section Type 3 PRACH + 3GPP TS38.211 formats,format,enum,4,"enum{0,1,2,3,4,5,6,7,8,9}",,,DERIVED,yes,CHK-PRACH-03 / first_violation:ENUM_format,cover:format / isoneg:ENUM_format,
FR-PRACH-04,prach,O-RAN.WG4.CUS Section Type 3 PRACH + 3GPP TS38.211 formats,numerology,range,4,range[0:4],,,DERIVED,yes,CHK-PRACH-04 / first_violation:RANGE_numerology,cover:numerology / isoneg:RANGE_numerology,
FR-PRACH-05,prach,O-RAN.WG4.CUS Section Type 3 PRACH + 3GPP TS38.211 formats,fr,range,1,range[0:1],,,DERIVED,no(TRUE_DEAD),CHK-PRACH-05 / first_violation:RANGE_fr,cover:fr / isoneg:RANGE_fr,width-contingent deadness
FR-PRACH-06,prach,O-RAN.WG4.CUS Section Type 3 PRACH + 3GPP TS38.211 formats,zc_root,range,8,range[0:255],,,DERIVED,no(TRUE_DEAD),CHK-PRACH-06 / first_violation:RANGE_zc_root,cover:zc_root / isoneg:RANGE_zc_root,width-contingent deadness
FR-PRACH-07,prach,O-RAN.WG4.CUS Section Type 3 PRACH + 3GPP TS38.211 formats,occasion,range,6,range[0:63],,,DERIVED,no(TRUE_DEAD),CHK-PRACH-07 / first_violation:RANGE_occasion,cover:occasion / isoneg:RANGE_occasion,width-contingent deadness
FR-PRACH-08,prach,O-RAN.WG4.CUS Section Type 3 PRACH + 3GPP TS38.211 formats,seq,range,8,range[0:255],,,DERIVED,no(TRUE_DEAD),CHK-PRACH-08 / first_violation:RANGE_seq,cover:seq / isoneg:RANGE_seq,width-contingent deadness
FR-PRACH-09,prach,O-RAN.WG4.CUS Section Type 3 PRACH + 3GPP TS38.211 formats,rsvd,const,25,const=0,,,DERIVED,yes,CHK-PRACH-09 / first_violation:CONST_rsvd,cover:rsvd / isoneg:CONST_rsvd,
FR-MIMO_MASSIVE-01,mimo_massive,O-RAN.WG4.CUS Sect Ext 5/6 + 3GPP massive MIMO 64T64R,version,const,4,const=1,,,DERIVED,yes,CHK-MIMO_MASSIVE-01 / first_violation:CONST_version,cover:version / isoneg:CONST_version,
FR-MIMO_MASSIVE-02,mimo_massive,O-RAN.WG4.CUS Sect Ext 5/6 + 3GPP massive MIMO 64T64R,ant_cfg,enum,8,"enum{1,2,4,8,16,32,64}",,,DERIVED,yes,CHK-MIMO_MASSIVE-02 / first_violation:ENUM_ant_cfg,cover:ant_cfg / isoneg:ENUM_ant_cfg,
FR-MIMO_MASSIVE-03,mimo_massive,O-RAN.WG4.CUS Sect Ext 5/6 + 3GPP massive MIMO 64T64R,num_layers,range,4,range[1:8],,,DERIVED,yes,CHK-MIMO_MASSIVE-03 / first_violation:RANGE_num_layers,cover:num_layers / isoneg:RANGE_num_layers,
FR-MIMO_MASSIVE-04,mimo_massive,O-RAN.WG4.CUS Sect Ext 5/6 + 3GPP massive MIMO 64T64R,tdd_cfg,range,3,range[0:6],,,DERIVED,yes,CHK-MIMO_MASSIVE-04 / first_violation:RANGE_tdd_cfg,cover:tdd_cfg / isoneg:RANGE_tdd_cfg,
FR-MIMO_MASSIVE-05,mimo_massive,O-RAN.WG4.CUS Sect Ext 5/6 + 3GPP massive MIMO 64T64R,rank,range,4,range[1:8],,,DERIVED,yes,CHK-MIMO_MASSIVE-05 / first_violation:RANGE_rank,cover:rank / isoneg:RANGE_rank,
FR-MIMO_MASSIVE-06,mimo_massive,O-RAN.WG4.CUS Sect Ext 5/6 + 3GPP massive MIMO 64T64R,precoder_idx,range,8,range[0:255],,,DERIVED,no(TRUE_DEAD),CHK-MIMO_MASSIVE-06 / first_violation:RANGE_precoder_idx,cover:precoder_idx / isoneg:RANGE_precoder_idx,width-contingent deadness
FR-MIMO_MASSIVE-07,mimo_massive,O-RAN.WG4.CUS Sect Ext 5/6 + 3GPP massive MIMO 64T64R,seq,range,8,range[0:255],,,DERIVED,no(TRUE_DEAD),CHK-MIMO_MASSIVE-07 / first_violation:RANGE_seq,cover:seq / isoneg:RANGE_seq,width-contingent deadness
FR-MIMO_MASSIVE-08,mimo_massive,O-RAN.WG4.CUS Sect Ext 5/6 + 3GPP massive MIMO 64T64R,rsvd,const,25,const=0,,,DERIVED,yes,CHK-MIMO_MASSIVE-08 / first_violation:CONST_rsvd,cover:rsvd / isoneg:CONST_rsvd,
FR-MIMO_MASSIVE-09,mimo_massive,O-RAN.WG4.CUS Sect Ext 5/6 + 3GPP massive MIMO 64T64R,num_layers <= ant_cfg,cross,-,num_layers <= ant_cfg,,,DERIVED,yes,CHK-MIMO_MASSIVE-cross1 / first_violation:CROSS_0,cover:cross / isoneg:CROSS,
FR-MIMO_MASSIVE-10,mimo_massive,O-RAN.WG4.CUS Sect Ext 5/6 + 3GPP massive MIMO 64T64R,rank <= num_layers,cross,-,rank <= num_layers,,,DERIVED,yes,CHK-MIMO_MASSIVE-cross2 / first_violation:CROSS_1,cover:cross / isoneg:CROSS,
FR-BWP-01,bwp,O-RAN.WG4.CUS BWP + 3GPP TS38.211 FR1/FR2 numerology,version,const,4,const=1,,,DERIVED,yes,CHK-BWP-01 / first_violation:CONST_version,cover:version / isoneg:CONST_version,
FR-BWP-02,bwp,O-RAN.WG4.CUS BWP + 3GPP TS38.211 FR1/FR2 numerology,bwp_id,range,2,range[0:3],,,DERIVED,no(TRUE_DEAD),CHK-BWP-02 / first_violation:RANGE_bwp_id,cover:bwp_id / isoneg:RANGE_bwp_id,width-contingent deadness
FR-BWP-03,bwp,O-RAN.WG4.CUS BWP + 3GPP TS38.211 FR1/FR2 numerology,numerology,range,4,range[0:4],,,DERIVED,yes,CHK-BWP-03 / first_violation:RANGE_numerology,cover:numerology / isoneg:RANGE_numerology,
FR-BWP-04,bwp,O-RAN.WG4.CUS BWP + 3GPP TS38.211 FR1/FR2 numerology,bw_mhz,enum,9,"enum{5,10,15,20,25,40,50,60,80,100,200,400}",,,DERIVED,yes,CHK-BWP-04 / first_violation:ENUM_bw_mhz,cover:bw_mhz / isoneg:ENUM_bw_mhz,
FR-BWP-05,bwp,O-RAN.WG4.CUS BWP + 3GPP TS38.211 FR1/FR2 numerology,fr,range,1,range[0:1],,,DERIVED,no(TRUE_DEAD),CHK-BWP-05 / first_violation:RANGE_fr,cover:fr / isoneg:RANGE_fr,width-contingent deadness
FR-BWP-06,bwp,O-RAN.WG4.CUS BWP + 3GPP TS38.211 FR1/FR2 numerology,active,range,1,range[0:1],,,DERIVED,no(TRUE_DEAD),CHK-BWP-06 / first_violation:RANGE_active,cover:active / isoneg:RANGE_active,width-contingent deadness
FR-BWP-07,bwp,O-RAN.WG4.CUS BWP + 3GPP TS38.211 FR1/FR2 numerology,seq,range,8,range[0:255],,,DERIVED,no(TRUE_DEAD),CHK-BWP-07 / first_violation:RANGE_seq,cover:seq / isoneg:RANGE_seq,width-contingent deadness
FR-BWP-08,bwp,O-RAN.WG4.CUS BWP + 3GPP TS38.211 FR1/FR2 numerology,rsvd,const,35,const=0,,,DERIVED,yes,CHK-BWP-08 / first_violation:CONST_rsvd,cover:rsvd / isoneg:CONST_rsvd,
FR-MMWAVE-01,mmwave,"3GPP TS38.211 FR2 mmWave n257/n258/n260/n261, mu=2/3/4",version,const,4,const=1,,,DERIVED,yes,CHK-MMWAVE-01 / first_violation:CONST_version,cover:version / isoneg:CONST_version,
FR-MMWAVE-02,mmwave,"3GPP TS38.211 FR2 mmWave n257/n258/n260/n261, mu=2/3/4",band,enum,3,"enum{0,1,2,3}",,,DERIVED,yes,CHK-MMWAVE-02 / first_violation:ENUM_band,cover:band / isoneg:ENUM_band,
FR-MMWAVE-03,mmwave,"3GPP TS38.211 FR2 mmWave n257/n258/n260/n261, mu=2/3/4",numerology,range,4,range[2:4],,,DERIVED,yes,CHK-MMWAVE-03 / first_violation:RANGE_numerology,cover:numerology / isoneg:RANGE_numerology,
FR-MMWAVE-04,mmwave,"3GPP TS38.211 FR2 mmWave n257/n258/n260/n261, mu=2/3/4",scs,enum,2,"enum{0,1,2}",,,DERIVED,yes,CHK-MMWAVE-04 / first_violation:ENUM_scs,cover:scs / isoneg:ENUM_scs,
FR-MMWAVE-05,mmwave,"3GPP TS38.211 FR2 mmWave n257/n258/n260/n261, mu=2/3/4",ssb_period,enum,4,"enum{0,1,2,3,4,5}",,,DERIVED,yes,CHK-MMWAVE-05 / first_violation:ENUM_ssb_period,cover:ssb_period / isoneg:ENUM_ssb_period,
FR-MMWAVE-06,mmwave,"3GPP TS38.211 FR2 mmWave n257/n258/n260/n261, mu=2/3/4",beam_id,range,16,range[0:65535],,,DERIVED,no(TRUE_DEAD),CHK-MMWAVE-06 / first_violation:RANGE_beam_id,cover:beam_id / isoneg:RANGE_beam_id,width-contingent deadness
FR-MMWAVE-07,mmwave,"3GPP TS38.211 FR2 mmWave n257/n258/n260/n261, mu=2/3/4",seq,range,8,range[0:255],,,DERIVED,no(TRUE_DEAD),CHK-MMWAVE-07 / first_violation:RANGE_seq,cover:seq / isoneg:RANGE_seq,width-contingent deadness
FR-MMWAVE-08,mmwave,"3GPP TS38.211 FR2 mmWave n257/n258/n260/n261, mu=2/3/4",rsvd,const,23,const=0,,,DERIVED,yes,CHK-MMWAVE-08 / first_violation:CONST_rsvd,cover:rsvd / isoneg:CONST_rsvd,
FR-LAA-01,laa,O-RAN.WG4.CUS Section Type 5 LAA + LBT Cat1-4,version,const,4,const=1,,,DERIVED,yes,CHK-LAA-01 / first_violation:CONST_version,cover:version / isoneg:CONST_version,
FR-LAA-02,laa,O-RAN.WG4.CUS Section Type 5 LAA + LBT Cat1-4,section_type,const,4,const=5,,,DERIVED,yes,CHK-LAA-02 / first_violation:CONST_section_type,cover:section_type / isoneg:CONST_section_type,
FR-LAA-03,laa,O-RAN.WG4.CUS Section Type 5 LAA + LBT Cat1-4,lbt_cat,enum,3,"enum{1,2,3,4}",,,DERIVED,yes,CHK-LAA-03 / first_violation:ENUM_lbt_cat,cover:lbt_cat / isoneg:ENUM_lbt_cat,
FR-LAA-04,laa,O-RAN.WG4.CUS Section Type 5 LAA + LBT Cat1-4,lbt_result,range,1,range[0:1],,,DERIVED,no(TRUE_DEAD),CHK-LAA-04 / first_violation:RANGE_lbt_result,cover:lbt_result / isoneg:RANGE_lbt_result,width-contingent deadness
FR-LAA-05,laa,O-RAN.WG4.CUS Section Type 5 LAA + LBT Cat1-4,burst_type,range,1,range[0:1],,,DERIVED,no(TRUE_DEAD),CHK-LAA-05 / first_violation:RANGE_burst_type,cover:burst_type / isoneg:RANGE_burst_type,width-contingent deadness
FR-LAA-06,laa,O-RAN.WG4.CUS Section Type 5 LAA + LBT Cat1-4,cap,range,2,range[0:3],,,DERIVED,no(TRUE_DEAD),CHK-LAA-06 / first_violation:RANGE_cap,cover:cap / isoneg:RANGE_cap,width-contingent deadness
FR-LAA-07,laa,O-RAN.WG4.CUS Section Type 5 LAA + LBT Cat1-4,section_ext,const,4,const=3,,,DERIVED,yes,CHK-LAA-07 / first_violation:CONST_section_ext,cover:section_ext / isoneg:CONST_section_ext,
FR-LAA-08,laa,O-RAN.WG4.CUS Section Type 5 LAA + LBT Cat1-4,seq,range,8,range[0:255],,,DERIVED,no(TRUE_DEAD),CHK-LAA-08 / first_violation:RANGE_seq,cover:seq / isoneg:RANGE_seq,width-contingent deadness
FR-LAA-09,laa,O-RAN.WG4.CUS Section Type 5 LAA + LBT Cat1-4,rsvd,const,37,const=0,,,DERIVED,yes,CHK-LAA-09 / first_violation:CONST_rsvd,cover:rsvd / isoneg:CONST_rsvd,
